[
	{
		"title": "How I Remember Everything I Read",
		"second title": "Einführung",
        "first paragraph" : "Deutsche Unternehmen investieren heute beträchtliche Summen in ihr Online-Marketing.",
        "second paragraph" : "KMU's geben laut einer Studie von TNS Infratest bereits 25% Ihres Marketing-Budgets für Online- Marketing aus. KMU's geben laut einer Studie von TNS Infratest bereits 25% Ihres Marketing-Budgets für Online- Marketing aus. KMU's geben laut einer Studie von TNS Infratest bereits 25% Ihres Marketing-Budgets für Online- Marketing aus. KMU's geben laut einer Studie von TNS Infratest bereits 25% Ihres Marketing-Budgets für Online- Marketing aus. KMU's geben laut einer Studie von TNS Infratest bereits 25% Ihres Marketing-Budgets für Online- Marketing aus. KMU's geben laut einer Studie von TNS Infratest bereits 25% Ihres Marketing-Budgets für Online- Marketing aus.",
        "image" : "Graphik.png"
	},
	{
		"title": "Strategisches Marketing",
		"second title": "Digital Analytics",
        "first paragraph" : "Das Messen eines ROI ist für Ihre Marketingaktivitäten ein grosses Problem, wobei die Messbarkeit bereits bei der Konzeption beginnt.",
        "second paragraph" : "Warum ist Digital-Analytics mehr ist als Google-Analytics, erfahren Sie auf den nächsten Slides.",
        "image" : "icon-02.png"
	},
	{
		"title": "Was ist Digital Analytics",
		"second title": "",
        "first paragraph" : "Es ermöglicht Unternehmen zu verstehen, wie Websites gefunden und verwendet werden.",
        "second paragraph" : "Dabei bedient sich Digital Analytics mehrerer Disziplinen, die alle vernetzt zum Einsatz kommen: and so on. The first 3 are enough for the Moment Maybe we have to develop a kind of template. with text blocks and an image block for these slides ... again your recommendation.",
        "image" : "icon-04.png"
	}
]
